H,model,split,MAE,RMSE,MAPE,SMAPE,DirAcc
1,RandomForest,test,0.0074646980123194,0.0107116041921608,0.0017617157645666,0.0017624530266767,0.5192307692307693
7,Naive,test,0.0157080769230768,0.0238448954382596,0.003706602420064,0.0037118383394359,
30,Naive,test,0.0317561538461538,0.0480191652444025,0.0075079575431348,0.007510084606188,
60,EMA(K=60),test,0.0449565043629195,0.0619234340458177,0.010677106957411,0.010600828101372,
