{
  "H1": {
    "SMA": {
      "K": 5,
      "val_RMSE": 0.014694897492248497
    },
    "EMA": {
      "K": 5,
      "val_RMSE": 0.01329852614138917
    }
  },
  "H7": {
    "SMA": {
      "K": 5,
      "val_RMSE": 0.02753129430582306
    },
    "EMA": {
      "K": 5,
      "val_RMSE": 0.02692891288530931
    }
  },
  "H30": {
    "SMA": {
      "K": 60,
      "val_RMSE": 0.03991077132955057
    },
    "EMA": {
      "K": 60,
      "val_RMSE": 0.04107442081472322
    }
  },
  "H60": {
    "SMA": {
      "K": 60,
      "val_RMSE": 0.03296588466898071
    },
    "EMA": {
      "K": 60,
      "val_RMSE": 0.03500841617740169
    }
  }
}