H,model,split,MAE,RMSE,MAPE,SMAPE,DirAcc
1,Naive,test,0.0075061538461538,0.0109207811780321,0.0017709156403855,0.0017716653642345,0.0115384615384615
7,Naive,test,0.0157080769230768,0.0238448954382596,0.0037066024200649,0.0037118383394363,
30,Naive,test,0.0317561538461538,0.0480191652444025,0.0075079575431366,0.0075100846061889,
60,EMA(K=60),test,0.0449565043629195,0.0619234340458177,0.0106771069574135,0.0106008281013733,
