H,model,split,MAE,RMSE,MAPE,SMAPE,DirAcc
1,RandomForest,test,0.0074791199173018,0.0107160053100604,0.0017650854414219,0.0017658130007629,0.5192307692307693
7,Naive,test,0.0157080769230768,0.0238448954382596,0.0037066024200649,0.0037118383394363,
30,Naive,test,0.0317561538461538,0.0480191652444025,0.0075079575431366,0.0075100846061889,
60,EMA(K=60),test,0.0449565043629195,0.0619234340458177,0.0106771069574135,0.0106008281013733,
